word,index
PAD,0
SOS,1
EOS,2
there,3
.,4
where,5
?,6
you,7
have,8
my,9
word,10
as,11
a,12
gentleman,13
re,14
sweet,15
hi,16
looks,17
like,18
things,19
worked,20
out,21
tonight,22
huh,23
know,24
i,25
believe,26
we,27
share,28
an,29
art,30
fun,31
tons,32
well,33
no,34
then,35
that,36
s,37
all,38
had,39
to,40
say,41
but,42
always,43
been,44
this,45
do,46
listen,47
crap,48
what,49
good,50
stuff,51
the,52
real,53
fear,54
of,55
wearing,56
wow,57
let,58
go,59
she,60
okay,61
hope,62
so,63
they,64
!,65
not,66
did,67
change,68
your,69
hair,70
might,71
wanna,72
think,73
about,74
it,75
who,76
joey,77
great,78
would,79
mind,80
getting,81
me,82
drink,83
cameron,84
more,85
expensive,86
hey,87
ve,88
nowhere,89
daddy,90
are,91
completely,92
can,93
now,94
in,95
th,96
for,97
month,98
why,99
he,100
was,101
total,102
babe,103
hate,104
looked,105
beautiful,106
last,107
night,108
set,109
up,110
just,111
wanted,112
patrick,113
is,114
doesn,115
t,116
want,117
date,118
exactly,119
point,120
and,121
going,122
oh,123
god,124
starting,125
party,126
wear,127
before,128
minute,129
because,130
ll,131
scare,132
them,133
away,134
prom,135
kat,136
has,137
new,138
guy,139
tell,140
which,141
dakota,142
from,143
north,144
actually,145
how,146
d,147
kidding,148
people,149
live,150
many,151
were,152
old,153
school,154
thirty,155
two,156
get,157
here,158
couple,159
thousand,160
most,161
evil,162
girl,163
burn,164
yeah,165
minor,166
with,167
her,168
bianca,169
sister,170
herself,171
him,172
makes,173
seems,174
on,175
danger,176
number,177
one,178
hates,179
lung,180
cancer,181
issue,182
favorite,183
uncle,184
dead,185
at,186
forty,187
pretty,188
wasn,189
sure,190
ears,191
band,192
playing,193
tomorrow,194
don,195
make,196
man,197
m,198
little,199
busy,200
off,201
whole,202
thing,203
talking,204
makin,205
any,206
kissed,207
worst,208
ya,209
goin,210
leave,211
alone,212
said,213
need,214
money,215
take,216
when,217
shell,218
fifty,219
expect,220
price,221
hundred,222
bucks,223
forget,224
time,225
deal,226
act,227
human,228
lost,229
nope,230
came,231
by,232
chat,233
hear,234
uh,235
friend,236
look,237
block,238
e,239
slit,240
william,241
didn,242
even,243
high,244
never,245
proven,246
neither,247
his,248
work,249
cares,250
favor,251
seen,252
asked,253
meet,254
mean,255
doin,256
pig,257
yourself,258
pick,259
friday,260
right,261
covered,262
seven,263
excuse,264
isn,265
funny,266
only,267
fine,268
lie,269
down,270
awhile,271
doing,272
told,273
care,274
if,275
die,276
thought,277
above,278
wake,279
jail,280
maybe,281
weren,282
ask,283
should,284
start,285
father,286
wouldn,287
approve,288
gettin,289
heard,290
poetry,291
reading,292
pleasant,293
effect,294
other,295
than,296
nothing,297
c,298
mon,299
bad,300
try,301
lookin,302
angle,303
put,304
foot,305
stayin,306
soft,307
side,308
knew,309
acting,310
way,311
yes,312
something,313
screwed,314
disappointed,315
state,316
duck,317
true,318
else,319
knows,320
request,321
or,322
command,323
won,324
grandmother,325
insurance,326
does,327
cover,328
pms,329
punishing,330
agree,331
making,332
decisions,333
matter,334
parts,335
tired,336
breathing,337
cool,338
pictures,339
fan,340
guess,341
too,342
enough,343
ever,344
club,345
skunk,346
still,347
pissed,348
love,349
thy,350
force,351
see,352
next,353
week,354
anyone,355
cry,356
today,357
helping,358
honey,359
happened,360
daughters,361
went,362
anything,363
absolutely,364
devil,365
child,366
crazy,367
life,368
others,369
follow,370
could,371
be,372
gone,373
years,374
thank,375
usually,376
stay,377
us,378
am,379
inside,380
may,381
whom,382
colon,383
de,384
remember,385
letters,386
appointment,387
west,388
feeling,389
defend,390
come,391
speak,392
first,393
chief,394
says,395
thousands,396
bring,397
also,398
medicine,399
will,400
help,401
manage,402
jew,403
christ,404
passion,405
cannot,406
control,407
lies,408
et,409
forgive,410
sinned,411
believed,412
give,413
suppose,414
both,415
men,416
older,417
worlds,418
ocean,419
ignore,420
surely,421
show,422
otherwise,423
raise,424
wheel,425
without,426
horse,427
read,428
twenty,429
eight,430
immediately,431
six,432
days,433
ago,434
must,435
mad,436
land,437
decide,438
sanchez,439
majesty,440
suggest,441
replaced,442
tolerate,443
afraid,444
coming,445
cigarettes,446
paranoia,447
these,448
alright,449
homicide,450
cop,451
married,452
divorced,453
place,454
somewhere,455
.the,456
station,457
empty,458
considered,459
becoming,460
prostitute,461
turn,462
tricks,463
back,464
home,465
asking,466
eddie,467
sorry,468
boyfriend,469
ludwig,470
gay,471
jealous,472
better,473
packed,474
coffee,475
kitchen,476
some,477
clothes,478
decision,479
cause,480
origin,481
cleaned,482
shower,483
water,484
sports,485
.a,486
finished,487
gotta,488
slow,489
vodka,490
tonic,491
gonna,492
lunch,493
ready,494
looking,495
takin,496
bath,497
.d,498
guys,499
checked,500
hit,501
boy,502
popular,503
sudden,504
saying,505
watch,506
news,507
nah,508
musta,509
missed,510
tv,511
hmmmm,512
polish,513
folks,514
service,515
got,516
ideas,517
ride,518
along,519
fire,520
heads,521
thirsty,522
duty,523
talk,524
girlfriend,525
serious,526
.who,527
nicky,528
kill,529
someone,530
famous,531
asshole,532
victims,533
bodies,534
found,535
crime,536
scene,537
til,538
promise,539
later,540
luck,541
late,542
keep,543
jesus,544
bones,545
dog,546
food,547
gun,548
czech,549
documents,550
please,551
sir,552
weeks,553
holiday,554
much,555
carrying,556
five,557
dollars,558
join,559
forward,560
problem,561
long,562
planning,563
himself,564
english,565
fool,566
around,567
document,568
trip,569
america,570
smell,571
chemicals,572
.for,573
smoking,574
drugs,575
bathroom,576
whatever,577
fuck,578
shut,579
hurt,580
shit,581
film,582
camera,583
shot,584
sit,585
surprise,586
spent,587
ha,588
job,589
plumber,590
easy,591
learn,592
robert,593
call,594
viewer,595
tape,596
paulie,597
kids,598
everything,599
trying,600
ahead,601
cheap,602
hotel,603
movies,604
thanks,605
appreciate,606
evidence,607
mine,608
argue,609
collar,610
killed,611
partner,612
department,613
firemen,614
carry,615
guns,616
again,617
used,618
kind,619
woulda,620
locked,621
mouth,622
clean,623
blow,624
nose,625
stand,626
livin,627
question,628
bobby,629
hurts,630
aw,631
lay,632
outta,633
hell,634
continued,635
wonderful,636
sec,637
salary,638
really,639
very,640
unlikely,641
almost,642
inconceivable,643
impossible,644
morning,645
awake,646
hal,647
misunderstanding,648
worry,649
confidence,650
fully,651
frank,652
dangerous,653
operation,654
explanation,655
having,656
sweetheart,657
three,658
darling,659
mommy,660
mrs,661
brown,662
bye,663
goodbye,664
such,665
delightful,666
age,667
shall,668
through,669
quite,670
glad,671
arms,672
secure,673
roger,674
understand,675
maintain,676
normal,677
.v,678
condition,679
check,680
doors,681
car,682
name,683
hammond,684
wash,685
em,686
battery,687
black,688
russian,689
shoulda,690
stole,691
truck,692
big,693
convict,694
drive,695
ain,696
yet,697
whaddya,698
buy,699
pay,700
dummy,701
paid,702
hurry,703
waiting,704
quit,705
bein,706
priest,707
somethin,708
visitors,709
chance,710
corridor,711
lot,712
protect,713
bullshit,714
luther,715
part,716
gang,717
talkin,718
jack,719
works,720
mission,721
district,722
find,723
indian,724
details,725
nights,726
billy,727
half,728
million,729
split,730
likely,731
move,732
notice,733
bus,734
four,735
closing,736
play,737
maker,738
besides,739
bell,740
pulled,741
yards,742
couldn,743
same,744
dick,745
tracy,746
wrong,747
red,748
heading,749
hopeless,750
wet,751
day,752
nice,753
favorites,754
made,755
front,756
page,757
wait,758
second,759
hello,760
hiya,761
kid,762
hours,763
hard,764
bull,765
stall,766
complain,767
times,768
partners,769
break,770
outside,771
naw,772
mess,773
bills,774
credit,775
business,776
laughing,777
small,778
san,779
bet,780
case,781
stolen,782
.we,783
saved,784
fucked,785
monster,786
weddings,787
floor,788
congratulations,789
brought,790
noticed,791
family,792
exception,793
means,794
permission,795
save,796
world,797
course,798
trouble,799
stop,800
miracle,801
perfect,802
bud,803
finger,804
picture,805
least,806
dreams,807
.what,808
returns,809
lord,810
listening,811
ma,812
together,813
.not,814
bag,815
fuel,816
level,817
x,818
goddamn,819
nightmare,820
police,821
action,822
.hi,823
fly,824
cab,825
song,826
open,827
messages,828
best,829
eh,830
.shit,831
wife,832
fit,833
.you,834
welcome,835
cornelius,836
learning,837
language,838
ok,839
angel,840
.like,841
cash,842
survived,843
cell,844
solid,845
elephant,846
aboard,847
ship,848
desert,849
left,850
mr,851
president,852
options,853
our,854
clothing,855
amy,856
killing,857
calling,858
christian,859
harder,860
mister,861
telling,862
nobody,863
promised,864
machine,865
fellow,866
hmm,867
consider,868
rather,869
shy,870
brooklyn,871
excellent,872
women,873
tom,874
figured,875
information,876
celebrity,877
films,878
bore,879
questions,880
recognize,881
pattern,882
each,883
fucking,884
cocksucker,885
absolute,886
zero,887
buried,888
sort,889
private,890
investigator,891
friends,892
except,893
willing,894
murder,895
incredibly,896
obvious,897
over,898
limit,899
working,900
eye,901
books,902
pops,903
begins,904
parents,905
yours,906
specialty,907
product,908
sell,909
their,910
presidential,911
suite,912
welles,913
choice,914
missing,915
positive,916
checks,917
odd,918
running,919
religious,920
those,921
none,922
discreet,923
accept,924
american,925
express,926
alice,927
kincaid,928
died,929
kristen,930
feet,931
matching,932
luggage,933
saw,934
double,935
shifts,936
extra,937
rick,938
salvation,939
freddy,940
earth,941
stairs,942
avoid,943
contact,944
rest,945
dear,946
dan,947
shouldn,948
room,949
jacob,950
lonely,951
hand,952
meeting,953
since,954
smart,955
dad,956
mention,957
burger,958
mark,959
aces,960
baby,961
named,962
already,963
nuts,964
poor,965
woman,966
faint,967
stick,968
invited,969
house,970
flying,971
.this,972
u,973
caught,974
stuck,975
tight,976
skipper,977
gauge,978
sound,979
wonder,980
powell,981
.don,982
eyed,983
feel,984
below,985
radiation,986
rising,987
near,988
pole,989
dr,990
damage,991
after,992
torpedo,993
report,994
seconds,995
ram,996
straight,997
knots,998
swell,999
remain,1000
therefore,1001
quarters,1002
another,1003
anybody,1004
offered,1005
fact,1006
twombley,1007
involved,1008
boys,1009
fired,1010
plan,1011
soon,1012
spring,1013
wade,1014
bought,1015
ball,1016
sox,1017
played,1018
britain,1019
safety,1020
sun,1021
bastard,1022
beams,1023
chest,1024
ambulance,1025
stayed,1026
blood,1027
stupid,1028
lots,1029
called,1030
belongs,1031
pop,1032
grandpa,1033
illegal,1034
policeman,1035
jill,1036
son,1037
law,1038
damn,1039
hunting,1040
accident,1041
few,1042
holding,1043
mel,1044
gordon,1045
interested,1046
grown,1047
hasn,1048
done,1049
boots,1050
hat,1051
while,1052
strange,1053
sake,1054
using,1055
sad,1056
phone,1057
office,1058
deer,1059
atta,1060
sleeping,1061
margie,1062
living,1063
bang,1064
shooting,1065
sleep,1066
forgot,1067
motive,1068
aren,1069
duh,1070
mom,1071
once,1072
teasing,1073
jim,1074
experience,1075
lifetime,1076
bout,1077
hug,1078
sweetie,1079
slowing,1080
maintenance,1081
panel,1082
pilot,1083
being,1084
plane,1085
walter,1086
answering,1087
sense,1088
wrote,1089
justice,1090
swear,1091
special,1092
agent,1093
helped,1094
air,1095
speed,1096
affirmative,1097
secret,1098
nine,1099
remarkable,1100
psychology,1101
romeo,1102
tower,1103
depends,1104
perspective,1105
maria,1106
mitchell,1107
pointing,1108
ms,1109
dies,1110
husband,1111
behind,1112
brutal,1113
enjoy,1114
administration,1115
negotiate,1116
pity,1117
taste,1118
learned,1119
necessary,1120
moment,1121
miss,1122
fax,1123
machines,1124
sending,1125
white,1126
situation,1127
under,1128
attack,1129
handling,1130
ulcers,1131
shep,1132
hooked,1133
into,1134
position,1135
wish,1136
simple,1137
story,1138
felt,1139
large,1140
elaine,1141
te,1142
stopped,1143
ted,1144
invitations,1145
simon,1146
taking,1147
insane,1148
use,1149
explain,1150
ten,1151
minutes,1152
until,1153
happen,1154
brain,1155
complex,1156
progress,1157
doctor,1158
program,1159
excited,1160
straightened,1161
captain,1162
failure,1163
scan,1164
r,1165
negative,1166
repeat,1167
possible,1168
tits,1169
hold,1170
passenger,1171
joe,1172
sixteen,1173
bomb,1174
b,1175
kurtz,1176
presume,1177
ah,1178
cream,1179
fish,1180
head,1181
rain,1182
ice,1183
rats,1184
visitor,1185
write,1186
every,1187
bill,1188
randy,1189
clarence,1190
victor,1191
cassandra,1192
harcourt,1193
breach,1194
security,1195
personal,1196
effects,1197
fits,1198
end,1199
bar,1200
matthew,1201
george,1202
handle,1203
screw,1204
mother,1205
mates,1206
season,1207
raw,1208
ss,1209
na,1210
todd,1211
watson,1212
assistant,1213
manager,1214
routine,1215
health,1216
ta,1217
roll,1218
beach,1219
taken,1220
joshua,1221
darlin,1222
policy,1223
suspicious,1224
gave,1225
idea,1226
movement,1227
lock,1228
hudson,1229
flame,1230
units,1231
pull,1232
plenty,1233
leaving,1234
bishop,1235
bitch,1236
rank,1237
ripley,1238
channels,1239
drops,1240
lieutenant,1241
proceed,1242
fall,1243
hicks,1244
tunnel,1245
corner,1246
seventeen,1247
meters,1248
lit,1249
fuckin,1250
approach,1251
anywhere,1252
ellen,1253
anytime,1254
range,1255
seal,1256
door,1257
terrible,1258
casey,1259
cross,1260
heart,1261
different,1262
burke,1263
dream,1264
sixty,1265
seventy,1266
families,1267
grace,1268
angry,1269
met,1270
herr,1271
mozart,1272
travels,1273
fast,1274
vienna,1275
marriage,1276
honestly,1277
sublime,1278
music,1279
extremely,1280
clever,1281
meaning,1282
bother,1283
lying,1284
relieved,1285
fart,1286
backwards,1287
game,1288
eat,1289
borrowed,1290
sssh,1291
young,1292
wolfi,1293
gentlemen,1294
voices,1295
answer,1296
reason,1297
excellency,1298
madame,1299
terribly,1300
send,1301
own,1302
originals,1303
return,1304
interrupting,1305
expecting,1306
months,1307
papa,1308
careful,1309
adorable,1310
behold,1311
upstairs,1312
michael,1313
comes,1314
year,1315
teacher,1316
charming,1317
flat,1318
interesting,1319
opera,1320
sire,1321
hearing,1322
indeed,1323
german,1324
admit,1325
comedy,1326
stanzi,1327
financial,1328
pupils,1329
secrets,1330
bene,1331
lesson,1332
writing,1333
pains,1334
liked,1335
borrow,1336
mio,1337
caro,1338
choose,1339
daughter,1340
signor,1341
commission,1342
mass,1343
ill,1344
thinks,1345
sick,1346
finish,1347
begin,1348
ended,1349
f,1350
major,1351
suddenly,1352
common,1353
sing,1354
tenor,1355
ashamed,1356
turkey,1357
wishes,1358
emperor,1359
suit,1360
committee,1361
baron,1362
soul,1363
pain,1364
regret,1365
familiar,1366
poisoned,1367
body,1368
difference,1369
setting,1370
incredible,1371
given,1372
anger,1373
ballet,1374
bravo,1375
lady,1376
bed,1377
wolf,1378
alex,1379
david,1380
werewolf,1381
warn,1382
strangely,1383
faster,1384
shortly,1385
tea,1386
lunatic,1387
beg,1388
pardon,1389
kessler,1390
haven,1391
eaten,1392
hungry,1393
feed,1394
asleep,1395
death,1396
mostly,1397
proper,1398
woke,1399
patient,1400
awfully,1401
dreaming,1402
closet,1403
lovely,1404
bedroom,1405
fifteen,1406
hallucinating,1407
full,1408
moon,1409
enormous,1410
silly,1411
simply,1412
exist,1413
pills,1414
committed,1415
joke,1416
benjamin,1417
york,1418
officer,1419
quiet,1420
everyone,1421
hush,1422
shhh,1423
nurse,1424
hospital,1425
london,1426
witnesses,1427
cold,1428
jerk,1429
assume,1430
responsibility,1431
group,1432
warm,1433
star,1434
owners,1435
texas,1436
starving,1437
apparently,1438
beware,1439
freezing,1440
england,1441
hound,1442
heathcliffe,1443
moving,1444
walking,1445
doggie,1446
walk,1447
sounds,1448
far,1449
scared,1450
shithead,1451
debbie,1452
cried,1453
rudy,1454
attacked,1455
alive,1456
probably,1457
awful,1458
gerald,1459
telephone,1460
soda,1461
nicely,1462
hot,1463
soup,1464
sergeant,1465
matt,1466
charlie,1467
account,1468
dickson,1469
clark,1470
delay,1471
discuss,1472
board,1473
dude,1474
invite,1475
apartment,1476
misunderstood,1477
bachelor,1478
book,1479
john,1480
handkerchief,1481
happy,1482
ummm,1483
helen,1484
sampson,1485
letter,1486
uniform,1487
blue,1488
cost,1489
protecting,1490
somebody,1491
data,1492
safe,1493
mistaken,1494
keeping,1495
bank,1496
yesterday,1497
changed,1498
eleven,1499
o,1500
clock,1501
fixed,1502
everybody,1503
lose,1504
younger,1505
sometimes,1506
wound,1507
smiling,1508
uhh,1509
bob,1510
jimmy,1511
grave,1512
shoot,1513
temper,1514
army,1515
hang,1516
shame,1517
hoping,1518
lately,1519
sayin,1520
buddy,1521
cousin,1522
hands,1523
hip,1524
cole,1525
eyes,1526
european,1527
james,1528
jesse,1529
biggest,1530
score,1531
war,1532
hanged,1533
soldier,1534
smells,1535
run,1536
general,1537
lee,1538
dammit,1539
trap,1540
doc,1541
rip,1542
pass,1543
whisky,1544
thinking,1545
cannon,1546
glass,1547
shakespeare,1548
bastards,1549
face,1550
dozen,1551
rush,1552
um,1553
st,1554
louis,1555
robbing,1556
screaming,1557
web,1558
fighting,1559
hero,1560
fooled,1561
hardly,1562
mm,1563
figure,1564
railroad,1565
upset,1566
fair,1567
drunk,1568
against,1569
y,1570
folk,1571
boring,1572
shush,1573
mmmm,1574
tease,1575
river,1576
pirate,1577
sparkling,1578
rocks,1579
ones,1580
swimming,1581
arrested,1582
tennessee,1583
began,1584
spot,1585
february,1586
mmm,1587
worth,1588
cocky,1589
ahh,1590
needs,1591
repair,1592
church,1593
roof,1594
though,1595
cute,1596
burning,1597
pleasure,1598
final,1599
route,1600
complete,1601
seeing,1602
parker,1603
jenkins,1604
winter,1605
pumpkin,1606
dating,1607
dinner,1608
dorsia,1609
donald,1610
goddamnit,1611
plain,1612
light,1613
thanksgiving,1614
smoked,1615
nicer,1616
wedding,1617
evelyn,1618
rich,1619
past,1620
shared,1621
picked,1622
dated,1623
message,1624
compliment,1625
lives,1626
.is,1627
.it,1628
calm,1629
anyway,1630
card,1631
totally,1632
booked,1633
class,1634
cancel,1635
.say,1636
.no,1637
prettier,1638
ye,1639
es,1640
detective,1641
kimball,1642
jean,1643
plans,1644
coincidence,1645
dressed,1646
.okay,1647
seriously,1648
.to,1649
afternoon,1650
model,1651
actor,1652
.that,1653
dumb,1654
saturday,1655
paul,1656
owen,1657
bottle,1658
discussion,1659
wants,1660
kept,1661
understandable,1662
lime,1663
harvard,1664
address,1665
seem,1666
habit,1667
smoke,1668
hung,1669
fingerprints,1670
hmmm,1671
psychic,1672
opens,1673
swallows,1674
received,1675
mood,1676
questioned,1677
marcus,1678
denied,1679
alibi,1680
gee,1681
al,1682
paint,1683
.but,1684
visit,1685
campus,1686
took,1687
boss,1688
teddy,1689
milo,1690
either,1691
.why,1692
barton,1693
kiss,1694
chopsticks,1695
toast,1696
gets,1697
test,1698
history,1699
dish,1700
gimme,1701
coordinates,1702
surprised,1703
guest,1704
tried,1705
danny,1706
coke,1707
overnight,1708
sent,1709
implying,1710
definitely,1711
flags,1712
meant,1713
early,1714
gary,1715
hanging,1716
wall,1717
degrees,1718
commitment,1719
entry,1720
phil,1721
lisa,1722
pet,1723
rep,1724
compulsive,1725
frame,1726
prison,1727
close,1728
geek,1729
chances,1730
dishes,1731
tree,1732
lame,1733
location,1734
.he,1735
larry,1736
feels,1737
order,1738
speaking,1739
groovy,1740
extreme,1741
teeth,1742
austin,1743
powers,1744
andy,1745
exposition,1746
vanessa,1747
basil,1748
field,1749
mick,1750
satisfied,1751
sexually,1752
meat,1753
horny,1754
protected,1755
fancy,1756
bite,1757
smashed,1758
luv,1759
millimeter,1760
automatic,1761
condom,1762
condoms,1763
behave,1764
middle,1765
piece,1766
gum,1767
its,1768
current,1769
ow,1770
scott,1771
impressive,1772
sea,1773
allow,1774
flight,1775
proud,1776
weird,1777
judge,1778
label,1779
flower,1780
power,1781
nature,1782
preserve,1783
peter,1784
recall,1785
madam,1786
steed,1787
female,1788
voice,1789
rules,1790
broken,1791
wins,1792
planned,1793
valentine,1794
choices,1795
marry,1796
fail,1797
connection,1798
protection,1799
per,1800
instructions,1801
self,1802
written,1803
shoe,1804
knowledge,1805
peel,1806
process,1807
research,1808
barely,1809
followed,1810
orders,1811
stiff,1812
upper,1813
lip,1814
suspect,1815
games,1816
win,1817
winning,1818
trust,1819
lied,1820
jones,1821
invisible,1822
insist,1823
bit,1824
brother,1825
vanished,1826
owned,1827
weather,1828
brenda,1829
drop,1830
amnesia,1831
possibly,1832
personality,1833
particular,1834
guilty,1835
innocent,1836
window,1837
expected,1838
teach,1839
emergencies,1840
mistake,1841
forgetting,1842
happening,1843
marrying,1844
important,1845
announcement,1846
liquid,1847
girls,1848
bond,1849
ooh,1850
practicing,1851
advise,1852
informed,1853
finally,1854
slob,1855
fabulous,1856
cook,1857
wha,1858
nervous,1859
mere,1860
relaxing,1861
hooker,1862
undressed,1863
naked,1864
company,1865
palm,1866
whores,1867
showed,1868
hour,1869
pink,1870
prick,1871
lips,1872
animal,1873
beat,1874
pimp,1875
slash,1876
oops,1877
serves,1878
ed,1879
separated,1880
knowing,1881
gift,1882
table,1883
concerned,1884
pal,1885
drawing,1886
blank,1887
reach,1888
costume,1889
moments,1890
gentle,1891
track,1892
museum,1893
sixth,1894
grade,1895
millions,1896
stephen,1897
sexual,1898
sheep,1899
count,1900
laura,1901
heaven,1902
lt,1903
hook,1904
pipe,1905
brian,1906
bright,1907
myself,1908
sorta,1909
insight,1910
boat,1911
rimgale,1912
jennifer,1913
city,1914
hall,1915
oooh,1916
town,1917
pest,1918
bottom,1919
heat,1920
wondering,1921
curious,1922
engine,1923
pin,1924
sucked,1925
stevie,1926
waitin,1927
fixing,1928
anymore,1929
sean,1930
piano,1931
lessons,1932
fireman,1933
jackson,1934
treated,1935
kinda,1936
shadow,1937
ronald,1938
staying,1939
comfortable,1940
knock,1941
ladies,1942
trunk,1943
inspector,1944
leads,1945
marty,1946
between,1947
catch,1948
assholes,1949
mets,1950
truly,1951
dancing,1952
yo,1953
ho,1954
louder,1955
certified,1956
dela,1957
green,1958
pressure,1959
drinking,1960
aid,1961
till,1962
neck,1963
la,1964
offense,1965
manray,1966
mo,1967
chill,1968
brains,1969
outfit,1970
tap,1971
shoes,1972
singing,1973
sign,1974
mantan,1975
character,1976
playin,1977
ignorant,1978
lazy,1979
n,1980
yep,1981
guessed,1982
bigger,1983
amos,1984
unless,1985
trained,1986
purely,1987
dem,1988
giving,1989
nuthin,1990
south,1991
risky,1992
leg,1993
mona,1994
capital,1995
finland,1996
smile,1997
pair,1998
training,1999
mistuh,2000
educated,2001
da,2002
dress,2003
.yes,2004
.too,2005
.then,2006
cheese,2007
butter,2008
fried,2009
chicken,2010
fell,2011
slept,2012
dat,2013
comin,2014
sloan,2015
ending,2016
broke,2017
subject,2018
bound,2019
pooh,2020
joking,2021
grady,2022
british,2023
challenge,2024
gracious,2025
honor,2026
lower,2027
europe,2028
highly,2029
recommended,2030
seebach,2031
employer,2032
agency,2033
certain,2034
perfectly,2035
strong,2036
legs,2037
low,2038
irish,2039
perhaps,2040
born,2041
object,2042
ribbon,2043
shaking,2044
finding,2045
entertain,2046
splendidly,2047
amount,2048
dark,2049
explosion,2050
mueller,2051
ray,2052
reaction,2053
pike,2054
apologize,2055
kendall,2056
hunt,2057
cabin,2058
ohhhh,2059
dunbar,2060
pistol,2061
weapons,2062
whose,2063
jay,2064
roberto,2065
pack,2066
hated,2067
killer,2068
pocket,2069
arm,2070
standing,2071
confession,2072
senator,2073
round,2074
bend,2075
names,2076
jonathan,2077
ohio,2078
interrogation,2079
baseball,2080
owes,2081
idiot,2082
grow,2083
noted,2084
gives,2085
memories,2086
goddammit,2087
hardy,2088
bugs,2089
stories,2090
pushed,2091
known,2092
truth,2093
goes,2094
tough,2095
faggot,2096
speaks,2097
hurricane,2098
shirt,2099
ear,2100
chasing,2101
confessed,2102
washington,2103
childs,2104
official,2105
neat,2106
edward,2107
bloom,2108
describe,2109
eighteen,2110
offended,2111
lucky,2112
jenny,2113
tall,2114
short,2115
giant,2116
karl,2117
beats,2118
swamp,2119
witch,2120
owe,2121
josephine,2122
happens,2123
headed,2124
unbelievable,2125
ground,2126
vault,2127
fraid,2128
started,2129
pregnant,2130
talked,2131
romantic,2132
bennett,2133
smith,2134
eighty,2135
burnt,2136
cooking,2137
customers,2138
approaching,2139
rear,2140
sensitive,2141
classic,2142
gate,2143
slower,2144
birthday,2145
easier,2146
punish,2147
badly,2148
passport,2149
sex,2150
throwing,2151
blonde,2152
deserve,2153
angela,2154
niece,2155
finds,2156
loyal,2157
thinkin,2158
kicker,2159
size,2160
lift,2161
transmission,2162
holy,2163
beer,2164
ronnie,2165
earlier,2166
tehronne,2167
rose,2168
eggs,2169
whiskey,2170
drinkin,2171
freedom,2172
jokes,2173
chain,2174
helps,2175
nothin,2176
yonder,2177
wise,2178
dirty,2179
tapped,2180
square,2181
mornin,2182
bags,2183
struck,2184
gold,2185
preacher,2186
rae,2187
rid,2188
nick,2189
saving,2190
bullet,2191
queens,2192
rome,2193
bow,2194
grab,2195
decent,2196
places,2197
pussy,2198
ass,2199
joyce,2200
ich,2201
ichiro,2202
connie,2203
spirits,2204
mafia,2205
rice,2206
cake,2207
respect,2208
disappeared,2209
gaiijin,2210
resort,2211
keys,2212
plate,2213
supposed,2214
fake,2215
drinks,2216
autograph,2217
package,2218
dope,2219
allowed,2220
officers,2221
fill,2222
certainly,2223
cooperate,2224
trapped,2225
underestimate,2226
mary,2227
roy,2228
fucker,2229
experiment,2230
extraordinary,2231
sebastian,2232
deliver,2233
project,2234
refuse,2235
garbage,2236
bryant,2237
customer,2238
science,2239
prosit,2240
piss,2241
nerves,2242
steel,2243
rust,2244
during,2245
road,2246
wandering,2247
bothered,2248
lewis,2249
snake,2250
abortion,2251
opinion,2252
equipment,2253
imagine,2254
retired,2255
profession,2256
risk,2257
thirteen,2258
tests,2259
j,2260
.f,2261
whatcha,2262
q,2263
adam,2264
nina,2265
bon,2266
mademoiselle,2267
french,2268
inn,2269
perry,2270
cut,2271
watching,2272
television,2273
color,2274
pepper,2275
bites,2276
dogs,2277
driven,2278
champagne,2279
cocktail,2280
drank,2281
likes,2282
computer,2283
.yeah,2284
goodness,2285
ridiculous,2286
blame,2287
eve,2288
goodnight,2289
painting,2290
nocturnal,2291
jacket,2292
est,2293
monsieur,2294
tobacco,2295
poison,2296
gas,2297
believes,2298
lucy,2299
nut,2300
button,2301
russia,2302
gotcha,2303
windows,2304
pants,2305
troy,2306
movie,2307
dial,2308
genius,2309
kiddin,2310
.good,2311
sky,2312
stars,2313
selling,2314
cards,2315
brave,2316
relatives,2317
east,2318
hon,2319
particularly,2320
worse,2321
noise,2322
locks,2323
calvin,2324
tranquilizer,2325
babies,2326
presents,2327
lights,2328
tells,2329
dig,2330
prayer,2331
mountain,2332
offer,2333
kick,2334
fight,2335
ralph,2336
lauren,2337
sensing,2338
entire,2339
alaska,2340
advice,2341
manners,2342
sophie,2343
coward,2344
frozen,2345
ben,2346
williams,2347
study,2348
jeffrey,2349
criminals,2350
horrible,2351
velvet,2352
sandy,2353
photo,2354
lab,2355
dorothy,2356
stinks,2357
oughta,2358
breasts,2359
nipples,2360
toilet,2361
whatiya,2362
falling,2363
laugh,2364
beeeee,2365
snap,2366
shhhhhh,2367
disease,2368
lover,2369
bourbon,2370
neighbor,2371
breakfast,2372
coat,2373
runner,2374
jeff,2375
central,2376
person,2377
moved,2378
sunday,2379
mike,2380
twice,2381
dance,2382
vallens,2383
watchin,2384
junk,2385
il,2386
duke,2387
ways,2388
aye,2389
tips,2390
.r,2391
.s,2392
shooter,2393
tip,2394
yard,2395
sale,2396
attention,2397
murphy,2398
destroy,2399
.so,2400
rope,2401
touched,2402
claim,2403
rule,2404
thumb,2405
cat,2406
fat,2407
pennies,2408
italians,2409
twist,2410
lemon,2411
witness,2412
murph,2413
roc,2414
sold,2415
personally,2416
mercy,2417
natural,2418
goddamit,2419
blond,2420
dignan,2421
plus,2422
bear,2423
attractive,2424
v,2425
cops,2426
alarm,2427
deep,2428
breath,2429
stocker,2430
unlock,2431
anthony,2432
obviously,2433
rotten,2434
inez,2435
carmen,2436
jerry,2437
cuba,2438
parked,2439
store,2440
jumped,2441
fries,2442
taught,2443
panic,2444
correct,2445
needed,2446
housekeeper,2447
arrived,2448
bird,2449
clear,2450
activity,2451
elevator,2452
applejack,2453
freeze,2454
pulse,2455
organized,2456
grandfather,2457
tractor,2458
sharp,2459
passed,2460
henry,2461
journey,2462
future,2463
cinnamon,2464
license,2465
golf,2466
adopted,2467
alike,2468
code,2469
nineteen,2470
mexico,2471
skin,2472
thief,2473
cooper,2474
francisco,2475
celebrate,2476
fag,2477
italy,2478
paranoid,2479
warned,2480
turned,2481
fault,2482
agreed,2483
drove,2484
clay,2485
ran,2486
social,2487
issues,2488
combat,2489
defense,2490
basic,2491
fellas,2492
closed,2493
sweater,2494
pool,2495
player,2496
tecate,2497
si,2498
hoto,2499
bourne,2500
budget,2501
sooner,2502
liar,2503
conklin,2504
berlin,2505
jason,2506
marie,2507
silver,2508
switch,2509
toward,2510
bridge,2511
assignment,2512
geneva,2513
threat,2514
detained,2515
van,2516
tapes,2517
pam,2518
expert,2519
sue,2520
peace,2521
mock,2522
bruce,2523
exhausted,2524
armed,2525
soldiers,2526
supper,2527
pigs,2528
remembered,2529
directions,2530
proposal,2531
nor,2532
princess,2533
king,2534
tricked,2535
crockett,2536
fix,2537
wing,2538
hurting,2539
ouch,2540
tommy,2541
courage,2542
evan,2543
maniac,2544
hole,2545
professor,2546
carter,2547
crying,2548
lenny,2549
renault,2550
norwegian,2551
carl,2552
afford,2553
er,2554
sam,2555
needn,2556
especially,2557
street,2558
richard,2559
songs,2560
ilsa,2561
suggested,2562
paris,2563
laszlo,2564
everywhere,2565
handy,2566
cocktails,2567
evening,2568
foreign,2569
escape,2570
chase,2571
francs,2572
traveling,2573
suspected,2574
ricky,2575
musical,2576
radio,2577
longer,2578
sleepy,2579
warsaw,2580
remembers,2581
putting,2582
raft,2583
quitter,2584
wings,2585
brings,2586
sticks,2587
island,2588
merry,2589
christmas,2590
record,2591
staff,2592
travel,2593
ring,2594
jango,2595
burned,2596
sweep,2597
chuck,2598
breaking,2599
max,2600
hannah,2601
sail,2602
coffin,2603
terrific,2604
apart,2605
odds,2606
smelled,2607
wilson,2608
laser,2609
dunno,2610
sweat,2611
granted,2612
homer,2613
wally,2614
candy,2615
.did,2616
children,2617
apples,2618
loved,2619
curly,2620
temperature,2621
wells,2622
maine,2623
march,2624
liver,2625
alcohol,2626
immigrant,2627
liberator,2628
trees,2629
pregnancy,2630
prefer,2631
delivery,2632
oil,2633
sheet,2634
halloween,2635
peaches,2636
harvest,2637
seat,2638
cheers,2639
standard,2640
percent,2641
jake,2642
anti,2643
loose,2644
walked,2645
threw,2646
less,2647
powder,2648
wallet,2649
.m,2650
calls,2651
crew,2652
stake,2653
customs,2654
haircut,2655
prove,2656
repressed,2657
intuition,2658
apology,2659
embarrassing,2660
infection,2661
egg,2662
bella,2663
garage,2664
tension,2665
entirely,2666
football,2667
inner,2668
beauty,2669
prisoner,2670
relax,2671
tempted,2672
gamble,2673
marion,2674
spoon,2675
public,2676
transport,2677
naive,2678
lived,2679
casino,2680
superstitious,2681
africa,2682
toss,2683
cheated,2684
pro,2685
pounds,2686
bruise,2687
cleared,2688
ross,2689
rough,2690
tested,2691
forgotten,2692
wipe,2693
reynolds,2694
monday,2695
paying,2696
key,2697
doolittle,2698
hoo,2699
main,2700
sequence,2701
energy,2702
detonation,2703
false,2704
exists,2705
commander,2706
fred,2707
circuit,2708
remove,2709
remark,2710
talby,2711
sh,2712
emergency,2713
lemme,2714
grand,2715
pizza,2716
original,2717
cindy,2718
studies,2719
lotta,2720
nerve,2721
grateful,2722
appropriate,2723
deeds,2724
words,2725
bail,2726
cheat,2727
prisoners,2728
touch,2729
quitting,2730
natalie,2731
victim,2732
sympathetic,2733
lydia,2734
toy,2735
amanda,2736
gin,2737
loves,2738
hawk,2739
detroit,2740
jeremiah,2741
beth,2742
jam,2743
stealing,2744
tickets,2745
punch,2746
nearly,2747
punk,2748
jet,2749
donnie,2750
metal,2751
squeeze,2752
unicorn,2753
ex,2754
conversation,2755
suspended,2756
memory,2757
cellar,2758
medication,2759
grandma,2760
nickname,2761
bunny,2762
rabbit,2763
punished,2764
suck,2765
graham,2766
greene,2767
china,2768
wicked,2769
quittin,2770
yah,2771
loretta,2772
betcha,2773
airport,2774
wh,2775
robbed,2776
marks,2777
wednesday,2778
h,2779
purse,2780
annette,2781
practice,2782
hm,2783
wisconsin,2784
sammy,2785
davis,2786
becky,2787
bars,2788
ate,2789
pan,2790
shop,2791
hank,2792
harold,2793
crown,2794
united,2795
states,2796
pocketbook,2797
poodle,2798
yeh,2799
whistle,2800
spirit,2801
present,2802
swine,2803
worm,2804
gloria,2805
merrick,2806
sugar,2807
frederick,2808
faces,2809
served,2810
treves,2811
falls,2812
alas,2813
box,2814
mmmerrick,2815
splendid,2816
ohhh,2817
.can,2818
cure,2819
.my,2820
dressing,2821
owner,2822
losing,2823
hy,2824
fifth,2825
mustn,2826
halfdan,2827
erik,2828
realize,2829
master,2830
keitel,2831
blew,2832
summer,2833
gods,2834
nonsense,2835
blessing,2836
raping,2837
scream,2838
rape,2839
row,2840
hack,2841
pieces,2842
berserk,2843
magic,2844
blacksmith,2845
sitting,2846
spare,2847
dragon,2848
thin,2849
puke,2850
mum,2851
ends,2852
sword,2853
drowning,2854
drown,2855
bo,2856
tradition,2857
building,2858
naomi,2859
boston,2860
weekend,2861
purple,2862
joel,2863
stalker,2864
crow,2865
refill,2866
enjoyed,2867
crawling,2868
perceptive,2869
hide,2870
argument,2871
speech,2872
pegged,2873
race,2874
fishing,2875
anna,2876
poem,2877
neighborhood,2878
male,2879
bully,2880
honeymoon,2881
panties,2882
dried,2883
driver,2884
casual,2885
friendly,2886
rob,2887
carrie,2888
chapter,2889
boo,2890
stan,2891
kay,2892
howard,2893
mutual,2894
sherman,2895
center,2896
hee,2897
successful,2898
magazines,2899
top,2900
copy,2901
coop,2902
justin,2903
containment,2904
weir,2905
activate,2906
starck,2907
built,2908
countdown,2909
patch,2910
hatch,2911
showing,2912
peters,2913
.how,2914
client,2915
miller,2916
tastes,2917
breathe,2918
oxygen,2919
couch,2920
mars,2921
destroyed,2922
engaged,2923
override,2924
failed,2925
explosive,2926
decompression,2927
claire,2928
rock,2929
stretch,2930
reed,2931
worried,2932
changes,2933
shields,2934
flowers,2935
powerful,2936
clipboard,2937
stretched,2938
skip,2939
strictly,2940
tiny,2941
ease,2942
wander,2943
prototype,2944
cloud,2945
johnny,2946
disappear,2947
silent,2948
driving,2949
sis,2950
pushing,2951
showtime,2952
leonard,2953
recording,2954
diseases,2955
ours,2956
reasons,2957
raising,2958
brad,2959
quick,2960
guessing,2961
virgin,2962
throw,2963
hamilton,2964
shift,2965
ugh,2966
stacy,2967
swim,2968
mama,2969
damone,2970
rat,2971
ace,2972
linda,2973
barrett,2974
often,2975
wave,2976
hassle,2977
jobs,2978
line,2979
november,2980
virgins,2981
romance,2982
doug,2983
sometime,2984
dartmouth,2985
ripped,2986
graduate,2987
aloha,2988
picking,2989
wherever,2990
.i,2991
april,2992
notes,2993
cokes,2994
vietnam,2995
fiction,2996
operate,2997
las,2998
vegas,2999
country,3000
higher,3001
pure,3002
miles,3003
unfortunately,3004
stroke,3005
planet,3006
relation,3007
lines,3008
push,3009
proof,3010
tongue,3011
sonuvabitch,3012
holds,3013
meal,3014
fuckers,3015
cha,3016
rifle,3017
shotgun,3018
whoa,3019
cars,3020
admire,3021
strength,3022
frances,3023
farmer,3024
contract,3025
option,3026
bone,3027
clifford,3028
actress,3029
arrest,3030
harry,3031
alcoholic,3032
drug,3033
bread,3034
kurt,3035
hollywood,3036
quietly,3037
type,3038
studio,3039
cinderella,3040
.take,3041
advantage,3042
quarter,3043
horses,3044
mail,3045
lawyer,3046
alma,3047
brothers,3048
seeking,3049
tears,3050
elizabeth,3051
beautifully,3052
willie,3053
delicious,3054
weak,3055
dare,3056
someday,3057
throat,3058
frankenstein,3059
physician,3060
madness,3061
christy,3062
melvin,3063
artist,3064
sounded,3065
marcie,3066
dime,3067
barry,3068
points,3069
shots,3070
ned,3071
kissing,3072
coach,3073
athletic,3074
director,3075
neddy,3076
keeps,3077
cowboy,3078
cowboys,3079
wind,3080
frankly,3081
nasty,3082
steve,3083
purpose,3084
auto,3085
wreck,3086
mccoy,3087
minister,3088
richie,3089
religion,3090
forever,3091
kate,3092
noooo,3093
bullets,3094
sink,3095
callin,3096
cable,3097
channel,3098
sight,3099
seein,3100
border,3101
seth,3102
glasses,3103
signed,3104
kathy,3105
awright,3106
jordan,3107
treating,3108
beverage,3109
across,3110
press,3111
neil,3112
entering,3113
blanks,3114
california,3115
dump,3116
crowd,3117
gut,3118
wick,3119
askin,3120
sisters,3121
jane,3122
concentrating,3123
coast,3124
guard,3125
vader,3126
reads,3127
file,3128
aim,3129
audrey,3130
covers,3131
caiman,3132
paleontologist,3133
merde,3134
luc,3135
pierre,3136
raymond,3137
sphere,3138
facility,3139
sonofabitch,3140
engines,3141
laredo,3142
market,3143
ships,3144
pub,3145
systems,3146
brandon,3147
madison,3148
space,3149
enemy,3150
stress,3151
register,3152
hopkins,3153
clue,3154
smiled,3155
answers,3156
rolling,3157
riding,3158
degree,3159
opening,3160
pretend,3161
storage,3162
deception,3163
signal,3164
lizard,3165
episode,3166
pedal,3167
continue,3168
patience,3169
pleased,3170
survive,3171
apologizing,3172
beside,3173
gag,3174
invention,3175
doubt,3176
colonel,3177
scheme,3178
supplies,3179
uniforms,3180
ordered,3181
retreat,3182
martha,3183
darker,3184
rights,3185
cadillac,3186
locker,3187
jeez,3188
kidnapping,3189
nephew,3190
heavy,3191
karen,3192
canyon,3193
imagination,3194
terminal,3195
miami,3196
bro,3197
los,3198
angeles,3199
producer,3200
operator,3201
marker,3202
lovejoy,3203
title,3204
chair,3205
leo,3206
martin,3207
twelve,3208
loan,3209
shark,3210
whatta,3211
murray,3212
spoke,3213
warrior,3214
epps,3215
tuesday,3216
maureen,3217
guests,3218
warning,3219
dodge,3220
blade,3221
hull,3222
expand,3223
whoever,3224
headache,3225
outa,3226
pen,3227
sailing,3228
destination,3229
yup,3230
established,3231
mickey,3232
sailor,3233
classy,3234
matters,3235
whyn,3236
pancakes,3237
maxine,3238
yell,3239
principal,3240
josh,3241
note,3242
lets,3243
pasta,3244
loser,3245
cardigan,3246
gross,3247
beyond,3248
seymour,3249
ii,3250
amazing,3251
single,3252
scored,3253
bringing,3254
orange,3255
juice,3256
norman,3257
.are,3258
records,3259
dollar,3260
dropped,3261
creeps,3262
shh,3263
image,3264
pathetic,3265
blind,3266
glorious,3267
starling,3268
intend,3269
childhood,3270
exciting,3271
lion,3272
samuel,3273
difficult,3274
takes,3275
underneath,3276
lions,3277
cattle,3278
raincheck,3279
venkman,3280
occasionally,3281
oscar,3282
dana,3283
scourge,3284
sorrow,3285
bench,3286
counselor,3287
objection,3288
exercise,3289
hammer,3290
pete,3291
goat,3292
checking,3293
geez,3294
ugly,3295
brand,3296
precious,3297
professionals,3298
professional,3299
salesman,3300
itself,3301
spend,3302
scientific,3303
basis,3304
rehearsal,3305
collect,3306
fungus,3307
unusual,3308
physical,3309
ghosts,3310
circle,3311
recently,3312
stream,3313
system,3314
ourselves,3315
third,3316
blast,3317
style,3318
bold,3319
spit,3320
gladly,3321
caesar,3322
illness,3323
crush,3324
dawn,3325
roman,3326
troops,3327
magnificent,3328
philosophy,3329
studying,3330
slave,3331
eating,3332
dislike,3333
zoo,3334
monkey,3335
berkeley,3336
belt,3337
shhhh,3338
student,3339
robinson,3340
singleman,3341
portrait,3342
unzip,3343
seduce,3344
waiter,3345
gotten,3346
wood,3347
wire,3348
novel,3349
college,3350
ford,3351
disgusting,3352
absurd,3353
braddock,3354
castle,3355
watched,3356
statement,3357
tone,3358
strangers,3359
free,3360
downstairs,3361
yellow,3362
kringelein,3363
frightened,3364
cigarette,3365
suzette,3366
train,3367
bless,3368
permit,3369
von,3370
gaigern,3371
flip,3372
audience,3373
remains,3374
stenographer,3375
manufacturer,3376
heavens,3377
danced,3378
flaemm,3379
moreover,3380
occasional,3381
quickly,3382
cotton,3383
preysing,3384
urgent,3385
cognac,3386
cub,3387
arrange,3388
marvelous,3389
material,3390
manchester,3391
scratched,3392
decided,3393
merger,3394
session,3395
waste,3396
engagement,3397
oui,3398
performance,3399
kindly,3400
bluff,3401
bobo,3402
oranges,3403
lilly,3404
ruined,3405
valued,3406
whadaya,3407
dillon,3408
perk,3409
twisted,3410
knocked,3411
tooth,3412
stomach,3413
con,3414
upstate,3415
delmar,3416
shock,3417
sickness,3418
dates,3419
blake,3420
stiffs,3421
p,3422
damned,3423
kramer,3424
laurie,3425
swiped,3426
desk,3427
meyers,3428
serial,3429
humor,3430
pee,3431
allergic,3432
tim,3433
reality,3434
cigar,3435
jamie,3436
looseleaf,3437
diamonds,3438
fourteen,3439
counted,3440
tit,3441
violin,3442
penelope,3443
vacuum,3444
cleaner,3445
nam,3446
catsup,3447
term,3448
expectations,3449
helicopter,3450
hollow,3451
smarter,3452
wanda,3453
june,3454
thrill,3455
herb,3456
shuttle,3457
creative,3458
saint,3459
sleeper,3460
loaded,3461
lamp,3462
post,3463
cruel,3464
stark,3465
dignity,3466
possession,3467
funeral,3468
handsome,3469
suicide,3470
load,3471
national,3472
ooops,3473
startled,3474
ryan,3475
brilliant,3476
hundreds,3477
widow,3478
corpse,3479
intended,3480
filthy,3481
knees,3482
arthur,3483
modest,3484
kills,3485
trash,3486
facilities,3487
accountant,3488
stanley,3489
aha,3490
wears,3491
sore,3492
relief,3493
ghost,3494
fairy,3495
edgar,3496
hoover,3497
plays,3498
flushed,3499
maid,3500
instead,3501
cigars,3502
jungle,3503
miracles,3504
albert,3505
einstein,3506
cock,3507
tod,3508
joanne,3509
diego,3510
pays,3511
growing,3512
rate,3513
copper,3514
penny,3515
tijuana,3516
ratan,3517
mast,3518
g,3519
legal,3520
pilgrim,3521
wes,3522
anne,3523
cents,3524
laid,3525
secretary,3526
com,3527
ssh,3528
university,3529
vehicle,3530
planted,3531
shovel,3532
clerk,3533
birds,3534
dentist,3535
maude,3536
ginger,3537
pie,3538
seemed,3539
courthouse,3540
forest,3541
property,3542
fallen,3543
usual,3544
organic,3545
pray,3546
communicate,3547
scary,3548
farewell,3549
fingers,3550
ancient,3551
japanese,3552
ceremony,3553
draft,3554
teachers,3555
chemistry,3556
greatest,3557
pit,3558
bayonet,3559
souvenirs,3560
privates,3561
surprises,3562
julia,3563
promises,3564
kirsty,3565
.k,3566
boxes,3567
kyle,3568
liz,3569
hint,3570
acid,3571
remind,3572
resurrection,3573
whitman,3574
area,3575
stone,3576
opposed,3577
latin,3578
hitler,3579
myers,3580
liaison,3581
grounded,3582
charge,3583
scout,3584
stud,3585
pushy,3586
determined,3587
section,3588
step,3589
steps,3590
slowly,3591
sod,3592
onto,3593
tore,3594
harm,3595
towel,3596
modern,3597
blaming,3598
brandy,3599
able,3600
alison,3601
drag,3602
gig,3603
echo,3604
mitch,3605
nevermind,3606
blocks,3607
belle,3608
vince,3609
conflict,3610
marvin,3611
local,3612
bunch,3613
persuasive,3614
happenin,3615
crematorium,3616
enjoying,3617
chicago,3618
super,3619
fantastic,3620
cartwright,3621
rarely,3622
active,3623
hill,3624
macleod,3625
concern,3626
bothers,3627
foolish,3628
sees,3629
rumors,3630
taupin,3631
factor,3632
become,3633
attorney,3634
corey,3635
conor,3636
romirez,3637
injury,3638
concentrate,3639
impotent,3640
cow,3641
effort,3642
mara,3643
bothering,3644
understood,3645
dust,3646
joined,3647
understanding,3648
ian,3649
unfinished,3650
laddie,3651
mystery,3652
condolences,3653
steven,3654
mortal,3655
pappy,3656
hildy,3657
locking,3658
tribune,3659
rhyme,3660
au,3661
interview,3662
criminal,3663
baldwin,3664
feelings,3665
bride,3666
paper,3667
murderer,3668
western,3669
interviews,3670
mollie,3671
sheriff,3672
gus,3673
rum,3674
earl,3675
ruin,3676
kings,3677
hiding,3678
feelin,3679
governor,3680
pauline,3681
germans,3682
dropping,3683
bugger,3684
bloody,3685
aah,3686
raid,3687
avenue,3688
naturally,3689
steady,3690
lad,3691
homework,3692
molly,3693
.j,3694
mmmmm,3695
doo,3696
walks,3697
awesome,3698
further,3699
technically,3700
stopping,3701
uncomfortable,3702
facts,3703
fascinating,3704
rise,3705
recover,3706
georgie,3707
slut,3708
warrant,3709
procedure,3710
willis,3711
logical,3712
gabrielle,3713
nathan,3714
starved,3715
puff,3716
lila,3717
thoughts,3718
resistance,3719
psychologist,3720
animals,3721
midget,3722
rosie,3723
fork,3724
became,3725
lotion,3726
helpful,3727
dessert,3728
derek,3729
passing,3730
chaser,3731
bert,3732
milk,3733
poker,3734
cent,3735
creep,3736
thumbs,3737
baker,3738
sarah,3739
leavin,3740
felson,3741
approximately,3742
fats,3743
direct,3744
unfortunate,3745
scotch,3746
thursday,3747
opened,3748
gambler,3749
winner,3750
owns,3751
someplace,3752
humans,3753
virginia,3754
base,3755
map,3756
maps,3757
background,3758
shake,3759
hostile,3760
target,3761
weed,3762
butt,3763
entrance,3764
dancer,3765
mach,3766
brody,3767
indy,3768
reputation,3769
papers,3770
treat,3771
venice,3772
library,3773
fourth,3774
century,3775
grail,3776
diary,3777
junior,3778
breaks,3779
nazi,3780
charm,3781
lighter,3782
intolerable,3783
cunning,3784
landing,3785
penitent,3786
camel,3787
belonged,3788
camels,3789
prepared,3790
crash,3791
potatoes,3792
shorty,3793
palace,3794
statue,3795
betrayed,3796
deeper,3797
pulling,3798
snakes,3799
bug,3800
release,3801
.t,3802
loading,3803
.they,3804
authority,3805
suits,3806
.just,3807
appearance,3808
sand,3809
shape,3810
tie,3811
sensors,3812
bingo,3813
ryuji,3814
fountainhead,3815
gruner,3816
dry,3817
escaped,3818
dieter,3819
design,3820
surveillance,3821
cameras,3822
ordinary,3823
viola,3824
.sure,3825
ahhh,3826
.nothing,3827
hallucinations,3828
fresh,3829
tuna,3830
yessir,3831
.and,3832
firm,3833
waited,3834
scattered,3835
steal,3836
chip,3837
taxi,3838
kong,3839
territory,3840
tear,3841
l,3842
breaths,3843
doll,3844
instant,3845
remote,3846
deadline,3847
campaign,3848
lowell,3849
wigand,3850
touching,3851
caliber,3852
sauce,3853
thomas,3854
rooms,3855
mississippi,3856
canada,3857
interest,3858
jump,3859
fbi,3860
whenever,3861
abc,3862
filed,3863
divorce,3864
moore,3865
form,3866
acts,3867
beaten,3868
repeatedly,3869
pigeon,3870
massey,3871
plastic,3872
surgery,3873
therapy,3874
asian,3875
pre,3876
rex,3877
rexroth,3878
hire,3879
ruth,3880
according,3881
marylin,3882
freak,3883
passionate,3884
cared,3885
held,3886
damaged,3887
nail,3888
wounded,3889
doyle,3890
forgery,3891
fraud,3892
income,3893
tax,3894
evasion,3895
weight,3896
assumed,3897
dying,3898
heh,3899
video,3900
doubts,3901
reward,3902
peculiar,3903
ellie,3904
several,3905
stunt,3906
slightest,3907
practically,3908
seats,3909
ticket,3910
darn,3911
santa,3912
westley,3913
following,3914
carried,3915
walls,3916
jericho,3917
screwy,3918
dame,3919
washed,3920
dawson,3921
dyke,3922
camp,3923
reckon,3924
git,3925
jersey,3926
shaw,3927
bertrand,3928
source,3929
anonymous,3930
dean,3931
andrews,3932
dave,3933
drew,3934
jasper,3935
enter,3936
contest,3937
intelligence,3938
mayor,3939
requires,3940
marked,3941
jackie,3942
diet,3943
ordell,3944
leaves,3945
branch,3946
busted,3947
catching,3948
mall,3949
court,3950
answered,3951
madrid,3952
probation,3953
sells,3954
mentioned,3955
beaumont,3956
melanie,3957
livingston,3958
impressed,3959
susanville,3960
robbery,3961
disco,3962
japan,3963
stewardess,3964
lou,3965
watcha,3966
relationship,3967
parking,3968
tellin,3969
cherry,3970
starts,3971
locate,3972
winston,3973
motherfucker,3974
della,3975
singer,3976
larger,3977
shrink,3978
knee,3979
flash,3980
saver,3981
postal,3982
likewise,3983
jezzie,3984
headboard,3985
jed,3986
gabe,3987
numbers,3988
throbbing,3989
tony,3990
cong,3991
tan,3992
schwartz,3993
goddamned,3994
conspiracy,3995
plague,3996
pour,3997
rizzo,3998
thorgan,3999
charges,4000
damnit,4001
kit,4002
balls,4003
ought,4004
apple,4005
.sorry,4006
programming,4007
kitten,4008
comic,4009
incidental,4010
hooper,4011
institute,4012
im,4013
tattoo,4014
pump,4015
sexy,4016
cup,4017
mikey,4018
florida,4019
whale,4020
tide,4021
kicking,4022
lamb,4023
bait,4024
goddam,4025
cage,4026
inch,4027
tiger,4028
juno,4029
moms,4030
guts,4031
pawn,4032
guitar,4033
commercials,4034
squares,4035
faith,4036
narrow,4037
sucks,4038
shocked,4039
keith,4040
downtown,4041
adele,4042
whip,4043
whips,4044
carryin,4045
vernon,4046
huntin,4047
bible,4048
lucas,4049
writer,4050
polite,4051
parole,4052
umm,4053
altogether,4054
blunt,4055
den,4056
telly,4057
lint,4058
boost,4059
benny,4060
buff,4061
list,4062
swallow,4063
bleed,4064
morpheus,4065
path,4066
emotional,4067
pipes,4068
hans,4069
viktor,4070
erica,4071
tops,4072
prints,4073
hers,4074
aware,4075
mate,4076
carefully,4077
players,4078
complicated,4079
chess,4080
circumstance,4081
steam,4082
settle,4083
lyssa,4084
colwyn,4085
passage,4086
queen,4087
darkness,4088
beast,4089
waters,4090
comfort,4091
sons,4092
hah,4093
lead,4094
talent,4095
stew,4096
leader,4097
assure,4098
rude,4099
match,4100
seek,4101
vision,4102
stansfield,4103
salute,4104
maurice,4105
tremendous,4106
pacifica,4107
philadelphia,4108
joad,4109
non,4110
cider,4111
tequila,4112
sera,4113
yuri,4114
trial,4115
weapon,4116
dewey,4117
woods,4118
hitting,4119
elle,4120
supreme,4121
member,4122
laundry,4123
proposed,4124
aside,4125
joy,4126
schedule,4127
smash,4128
happily,4129
awaiting,4130
moat,4131
creature,4132
appear,4133
unknown,4134
nay,4135
tis,4136
strike,4137
sunlight,4138
wild,4139
curse,4140
sacred,4141
honest,4142
fetch,4143
biting,4144
pinching,4145
cheer,4146
honored,4147
jest,4148
bee,4149
uhm,4150
wore,4151
gates,4152
battle,4153
seventh,4154
build,4155
shoulders,4156
heights,4157
trick,4158
floating,4159
stevens,4160
alyssa,4161
due,4162
.please,4163
gloves,4164
feeding,4165
tow,4166
sandwiches,4167
lois,4168
shave,4169
vacation,4170
trusted,4171
robin,4172
despite,4173
rent,4174
queer,4175
popcorn,4176
nigger,4177
claude,4178
collateral,4179
cookie,4180
banks,4181
draw,4182
strikes,4183
steak,4184
swinging,4185
movin,4186
holdin,4187
messed,4188
elvis,4189
scar,4190
comment,4191
adrian,4192
angels,4193
valerie,4194
moron,4195
whoo,4196
noises,4197
lick,4198
coulda,4199
prince,4200
coconuts,4201
andrew,4202
expression,4203
wondered,4204
available,4205
jessica,4206
k,4207
beloved,4208
jewel,4209
bury,4210
sheila,4211
relative,4212
eddy,4213
pornos,4214
examined,4215
guards,4216
tail,4217
fossils,4218
lovey,4219
horns,4220
puss,4221
alley,4222
cave,4223
instance,4224
porters,4225
ninety,4226
chang,4227
alexander,4228
eternally,4229
bump,4230
barney,4231
motto,4232
government,4233
dee,4234
helluva,4235
services,4236
add,4237
sport,4238
lean,4239
respond,4240
closer,4241
highway,4242
buying,4243
balloon,4244
grew,4245
replace,4246
safely,4247
patients,4248
lamar,4249
shown,4250
tuck,4251
lara,4252
runs,4253
fletcher,4254
subscription,4255
confirm,4256
id,4257
temple,4258
rufus,4259
precog,4260
belong,4261
pretending,4262
dizzy,4263
conference,4264
team,4265
arranged,4266
manhattan,4267
fashion,4268
daytime,4269
bust,4270
spaghetti,4271
support,4272
jess,4273
soho,4274
restaurant,4275
ruiz,4276
shitty,4277
cardiff,4278
strapped,4279
kennedy,4280
anyplace,4281
pint,4282
fernet,4283
scotland,4284
archie,4285
hurtin,4286
hilton,4287
praying,4288
assuming,4289
elijah,4290
counts,4291
lo,4292
whether,4293
turning,4294
sidney,4295
whore,4296
scrambled,4297
chick,4298
wine,4299
johnson,4300
juarez,4301
daniel,4302
division,4303
transferred,4304
pinta,4305
creasy,4306
sig,4307
impulse,4308
potential,4309
bargain,4310
pencil,4311
wives,4312
traffic,4313
waddaya,4314
aunt,4315
theresa,4316
walt,4317
reilly,4318
radar,4319
jon,4320
martini,4321
hawkeye,4322
initials,4323
shore,4324
patrol,4325
tent,4326
margaret,4327
burns,4328
anyhow,4329
reverend,4330
direction,4331
rielly,4332
problems,4333
surgeon,4334
hum,4335
protest,4336
yuh,4337
doe,4338
handwriting,4339
bonus,4340
duets,4341
connell,4342
ann,4343
sucker,4344
bits,4345
flew,4346
roper,4347
stereo,4348
manual,4349
spread,4350
unit,4351
recruited,4352
competition,4353
toronto,4354
barnett,4355
thou,4356
greg,4357
russell,4358
cutting,4359
evacuated,4360
injured,4361
teresa,4362
worship,4363
.let,4364
scottie,4365
provide,4366
transportation,4367
investigation,4368
eject,4369
access,4370
tanner,4371
cleaning,4372
transmit,4373
impact,4374
beam,4375
crane,4376
ninja,4377
zord,4378
eagle,4379
skull,4380
basically,4381
heck,4382
bismark,4383
kansas,4384
hired,4385
maranzano,4386
guinea,4387
frankie,4388
envy,4389
mask,4390
confused,4391
broad,4392
mistakes,4393
liquor,4394
salvatore,4395
retirement,4396
cozy,4397
stu,4398
union,4399
view,4400
paula,4401
moscow,4402
village,4403
diz,4404
ambition,4405
paine,4406
foley,4407
taylor,4408
champ,4409
ken,4410
gosh,4411
rangers,4412
jefferson,4413
residence,4414
yield,4415
joseph,4416
steering,4417
saunders,4418
baltimore,4419
whistles,4420
violet,4421
lena,4422
susan,4423
terry,4424
dynamite,4425
neighbors,4426
pixilated,4427
sings,4428
poet,4429
mandrake,4430
tuba,4431
search,4432
rub,4433
mac,4434
cobb,4435
bodyguards,4436
farm,4437
prairie,4438
mumford,4439
unhappy,4440
salad,4441
nicoise,4442
lily,4443
horror,4444
treatment,4445
instantly,4446
appointments,4447
internal,4448
therapist,4449
priests,4450
extortion,4451
treasure,4452
mirrors,4453
preparation,4454
mummy,4455
slipped,4456
timing,4457
psychotic,4458
heller,4459
themselves,4460
plug,4461
waitress,4462
tour,4463
curiosity,4464
spy,4465
monica,4466
spell,4467
costs,4468
wan,4469
superman,4470
batman,4471
charles,4472
reports,4473
ambassador,4474
citizen,4475
francis,4476
sheets,4477
lisette,4478
highness,4479
separate,4480
terms,4481
eugene,4482
craig,4483
moves,4484
roach,4485
cucamonga,4486
shopping,4487
lovin,4488
visiting,4489
.in,4490
nods,4491
kisses,4492
smaller,4493
irene,4494
bum,4495
deck,4496
wasting,4497
bleeding,4498
pearl,4499
birdie,4500
ruby,4501
miz,4502
icey,4503
willa,4504
switched,4505
satan,4506
swore,4507
spoil,4508
hid,4509
flesh,4510
drugstore,4511
glen,4512
rod,4513
lane,4514
nancy,4515
krueger,4516
mamma,4517
comrade,4518
ninotchka,4519
serving,4520
gown,4521
exaggerating,4522
buljanoff,4523
positively,4524
squad,4525
loss,4526
gaston,4527
leon,4528
reunion,4529
trade,4530
ni,4531
ringing,4532
workmen,4533
comrades,4534
france,4535
happier,4536
constantinople,4537
recommend,4538
mathieu,4539
jews,4540
considering,4541
lincoln,4542
silence,4543
chairman,4544
nixon,4545
jazz,4546
lombardo,4547
amen,4548
pat,4549
havin,4550
discouraged,4551
explains,4552
llewelyn,4553
carla,4554
moss,4555
.now,4556
.be,4557
.where,4558
odessa,4559
accounting,4560
beers,4561
mig,4562
cast,4563
braze,4564
pot,4565
heroin,4566
tours,4567
eats,4568
maroon,4569
del,4570
stella,4571
merle,4572
arizona,4573
betty,4574
pose,4575
ravell,4576
finn,4577
mercedes,4578
sneak,4579
campbell,4580
dwight,4581
gopher,4582
everett,4583
.pete,4584
izzat,4585
straw,4586
pullin,4587
circles,4588
wealth,4589
symbol,4590
mattress,4591
lake,4592
weakness,4593
maiden,4594
zack,4595
mayo,4596
sarge,4597
oklahoma,4598
sid,4599
midnight,4600
vote,4601
motel,4602
raoul,4603
furniture,4604
.o,4605
cy,4606
stupidity,4607
pride,4608
charlotte,4609
accepted,4610
triumph,4611
fort,4612
gabriel,4613
gray,4614
earned,4615
ayuh,4616
gorgeous,4617
chocolate,4618
cookies,4619
burying,4620
babes,4621
buckaroo,4622
banzai,4623
exit,4624
overboard,4625
promotion,4626
swann,4627
league,4628
surrender,4629
turner,4630
argon,4631
exact,4632
worthwhile,4633
susie,4634
mouse,4635
caffeine,4636
counter,4637
gallagher,4638
print,4639
stewart,4640
settled,4641
lipstick,4642
types,4643
managing,4644
editor,4645
regards,4646
gilded,4647
fooling,4648
staring,4649
conrad,4650
deny,4651
jumping,4652
smythe,4653
biff,4654
mix,4655
basketball,4656
simpson,4657
hedge,4658
hunh,4659
peggy,4660
jen,4661
directly,4662
baked,4663
fella,4664
cheeseburgers,4665
cooked,4666
utah,4667
pudding,4668
georgia,4669
laying,4670
porno,4671
opposite,4672
knife,4673
connected,4674
lance,4675
eric,4676
madman,4677
madeleine,4678
abbe,4679
indulge,4680
marquis,4681
grant,4682
torture,4683
violent,4684
begun,4685
tender,4686
parties,4687
orson,4688
kane,4689
nix,4690
compassion,4691
spanish,4692
pages,4693
wide,4694
rosebud,4695
whadda,4696
vickie,4697
sitter,4698
jefferies,4699
photographer,4700
logic,4701
digest,4702
thermometer,4703
splitting,4704
federal,4705
basement,4706
magazine,4707
ninth,4708
washing,4709
dirt,4710
buzz,4711
crawford,4712
plato,4713
judy,4714
mixed,4715
underwater,4716
huge,4717
mason,4718
ash,4719
ashley,4720
.c,4721
bam,4722
specific,4723
wagon,4724
toys,4725
merlin,4726
monsters,4727
pecan,4728
toothpick,4729
scagnetti,4730
dillinger,4731
buck,4732
whaddaya,4733
tipping,4734
phillips,4735
soap,4736
ranch,4737
rolls,4738
workin,4739
restless,4740
trail,4741
z,4742
flintstone,4743
screen,4744
gear,4745
uhn,4746
theo,4747
files,4748
focus,4749
prepare,4750
aww,4751
sutphin,4752
scotty,4753
drives,4754
annie,4755
fruit,4756
obsession,4757
judd,4758
jacqueline,4759
circumstances,4760
redi,4761
trademark,4762
mimi,4763
gibson,4764
resting,4765
dalton,4766
lawyers,4767
donna,4768
millaney,4769
affair,4770
loud,4771
masturbate,4772
physically,4773
kinds,4774
cynthia,4775
whichever,4776
hadn,4777
deposit,4778
deeply,4779
towers,4780
annabelle,4781
clarify,4782
tools,4783
janet,4784
sin,4785
sponsor,4786
spoken,4787
oliver,4788
shove,4789
lovers,4790
mental,4791
towards,4792
response,4793
maya,4794
stephanie,4795
breast,4796
mile,4797
thoughtful,4798
ankle,4799
clicks,4800
oak,4801
victoria,4802
colleen,4803
monitor,4804
morgan,4805
possibility,4806
stronger,4807
batteries,4808
aliens,4809
minds,4810
scaring,4811
emmett,4812
howdy,4813
houses,4814
paden,4815
sends,4816
baxter,4817
leavenworth,4818
saloon,4819
murdered,4820
ike,4821
theater,4822
simone,4823
suggesting,4824
lainey,4825
kent,4826
asks,4827
sayer,4828
taransky,4829
device,4830
massage,4831
malcolm,4832
crowe,4833
bedtime,4834
cats,4835
momma,4836
stuttering,4837
horseshit,4838
suzie,4839
useless,4840
sandwich,4841
spider,4842
rig,4843
cases,4844
bandit,4845
pope,4846
brakes,4847
jammed,4848
motion,4849
scale,4850
breaker,4851
banana,4852
nailed,4853
investigating,4854
concerns,4855
.about,4856
hugo,4857
israel,4858
handled,4859
buzzy,4860
wit,4861
gibarian,4862
rheya,4863
snow,4864
anxiety,4865
intelligent,4866
debate,4867
chris,4868
pill,4869
article,4870
desperate,4871
identify,4872
paisley,4873
dull,4874
allan,4875
foul,4876
prize,4877
jawohl,4878
nazis,4879
static,4880
busting,4881
chauncey,4882
charged,4883
sie,4884
grable,4885
esther,4886
hoffman,4887
shapiro,4888
december,4889
ja,4890
interrupt,4891
lifeforms,4892
warp,4893
core,4894
within,4895
enterprise,4896
theory,4897
starfleet,4898
crossed,4899
execute,4900
frequency,4901
alert,4902
surge,4903
aft,4904
underground,4905
spock,4906
burial,4907
genesis,4908
sulu,4909
signs,4910
admiral,4911
federation,4912
starship,4913
heal,4914
drama,4915
saavik,4916
carol,4917
bay,4918
visual,4919
regula,4920
reliant,4921
voyage,4922
literally,4923
creation,4924
uhura,4925
differently,4926
stun,4927
kobayashi,4928
cease,4929
distance,4930
zone,4931
thrusters,4932
testimony,4933
cramps,4934
tearing,4935
hamlet,4936
constant,4937
maximum,4938
whales,4939
park,4940
kirk,4941
kilometers,4942
bearing,4943
bat,4944
cells,4945
clearly,4946
chef,4947
worf,4948
hayes,4949
unconscious,4950
ignition,4951
invasion,4952
integrity,4953
figures,4954
multiple,4955
torpedoes,4956
retire,4957
ignorance,4958
occasion,4959
kronos,4960
preparing,4961
include,4962
plot,4963
chancellor,4964
universe,4965
confirmed,4966
forged,4967
indefinitely,4968
beverly,4969
hailed,4970
deanna,4971
wanting,4972
praetor,4973
cruise,4974
imagined,4975
hoped,4976
serve,4977
en,4978
houston,4979
disguise,4980
shermin,4981
fox,4982
minneapolis,4983
closest,4984
finer,4985
iris,4986
strickland,4987
define,4988
agents,4989
mackelway,4990
diner,4991
mack,4992
dylan,4993
deputy,4994
speck,4995
badge,4996
consideration,4997
amarillo,4998
koessler,4999
lorraine,5000
quiche,5001
chips,5002
yea,5003
godfather,5004
fa,5005
corleone,5006
shhhhh,5007
sonny,5008
renounce,5009
baptized,5010
scam,5011
herbert,5012
greenleaf,5013
uncanny,5014
marge,5015
primer,5016
intruding,5017
ribs,5018
freddie,5019
dickie,5020
fiancee,5021
abandoned,5022
manner,5023
rings,5024
emily,5025
randall,5026
beating,5027
homosexual,5028
americans,5029
mam,5030
travis,5031
betsy,5032
italian,5033
fee,5034
stoned,5035
theatres,5036
military,5037
delly,5038
luke,5039
reminds,5040
barbara,5041
ernie,5042
testify,5043
lawson,5044
hayworth,5045
cathy,5046
daniels,5047
originally,5048
lovebirds,5049
bodega,5050
brenner,5051
mustard,5052
submit,5053
marsh,5054
fettes,5055
gifts,5056
attacks,5057
daisy,5058
erin,5059
carpenter,5060
foolin,5061
brady,5062
salt,5063
vampire,5064
vampires,5065
el,5066
whattaya,5067
climb,5068
bike,5069
kiddo,5070
mirror,5071
torch,5072
macready,5073
kilos,5074
morlocks,5075
created,5076
fortune,5077
birth,5078
valley,5079
kalen,5080
assigned,5081
traveled,5082
starks,5083
harrison,5084
sticky,5085
deaf,5086
darryl,5087
stranger,5088
thelma,5089
robber,5090
louise,5091
regular,5092
mysterious,5093
mansion,5094
puttin,5095
disturbed,5096
healy,5097
buildings,5098
architect,5099
warren,5100
kim,5101
phony,5102
ly,5103
kenny,5104
reservation,5105
cooch,5106
matches,5107
cuz,5108
owl,5109
maverick,5110
harmless,5111
suffer,5112
goose,5113
mustang,5114
missile,5115
upside,5116
paperwork,5117
embolism,5118
brunette,5119
sleazy,5120
rekall,5121
quaid,5122
kuato,5123
fare,5124
cohaagen,5125
hauser,5126
reactor,5127
suitcase,5128
burt,5129
mountains,5130
slick,5131
ties,5132
heather,5133
dowd,5134
nearest,5135
chinatown,5136
phoned,5137
.jesus,5138
booze,5139
racist,5140
shu,5141
cliff,5142
confusing,5143
grandson,5144
chet,5145
lil,5146
cracked,5147
cocaine,5148
shorthand,5149
muffin,5150
jacques,5151
warmer,5152
leland,5153
norma,5154
abrams,5155
anesthesiology,5156
neurology,5157
orthopedics,5158
.of,5159
methodology,5160
techniques,5161
concannon,5162
galvin,5163
doctors,5164
qualifies,5165
anesthetics,5166
medical,5167
gruber,5168
kaye,5169
simmonds,5170
costello,5171
plaintiff,5172
overruled,5173
pressuring,5174
lapsed,5175
franky,5176
brindisi,5177
versus,5178
electric,5179
procedures,5180
harrington,5181
nightmares,5182
fever,5183
porter,5184
instinct,5185
typical,5186
international,5187
spying,5188
donut,5189
alabama,5190
artie,5191
reggie,5192
lula,5193
santos,5194
peanut,5195
kentucky,5196
followin,5197
prob,5198
forehead,5199
tripp,5200
crabtree,5201
transvestite,5202
hood,5203
hunch,5204
hemingway,5205
hadley,5206
sara,5207
buttons,5208
county,5209
carvel,5210
pow,5211
july,5212
carlos,5213
raped,5214
ax,5215
scratch,5216
adjusting,5217
headaches,5218
lap,5219
journal,5220
however,5221
roughly,5222
southern,5223
bears,5224
easily,5225
molested,5226
dealing,5227
lindsey,5228
claudia,5229
divine,5230
changing,5231
sensible,5232
smooth,5233
develop,5234
australia,5235
agnes,5236
watches,5237
miriam,5238
worthy,5239
chapel,5240
crucifix,5241
convent,5242
favourite,5243
packs,5244
occurred,5245
nuns,5246
catholic,5247
pressing,5248
nun,5249
tied,5250
cord,5251
hoop,5252
bowl,5253
blown,5254
ding,5255
dong,5256
liverpool,5257
handed,5258
norm,5259
misery,5260
exaggerate,5261
intercepted,5262
temporary,5263
broussard,5264
somehow,5265
healed,5266
net,5267
storm,5268
moisture,5269
phoebe,5270
dewitt,5271
lloyd,5272
addison,5273
margo,5274
rare,5275
quality,5276
glory,5277
hallelujah,5278
groom,5279
channing,5280
richards,5281
technique,5282
apologized,5283
evasive,5284
consultant,5285
political,5286
haldeman,5287
woodward,5288
nickel,5289
bernstein,5290
checkbook,5291
period,5292
senior,5293
repercussions,5294
w,5295
abbott,5296
ostreicher,5297
finch,5298
oz,5299
stifler,5300
onions,5301
clitoris,5302
cartoon,5303
kevin,5304
strip,5305
kung,5306
coma,5307
allo,5308
anya,5309
dmitri,5310
tatiana,5311
alvy,5312
carson,5313
allison,5314
uptown,5315
getcha,5316
tennis,5317
grammy,5318
confess,5319
un,5320
series,5321
.p,5322
geller,5323
colored,5324
raining,5325
contractor,5326
october,5327
cal,5328
dander,5329
otis,5330
clair,5331
jonah,5332
sally,5333
anniversary,5334
panes,5335
truce,5336
sal,5337
disaster,5338
shostakovich,5339
managers,5340
discount,5341
dreyfuss,5342
kubelik,5343
sheldrake,5344
pad,5345
vice,5346
fran,5347
packing,5348
counting,5349
booth,5350
flies,5351
touchy,5352
surfer,5353
surf,5354
bored,5355
haiphong,5356
savages,5357
hills,5358
planes,5359
spencer,5360
bacon,5361
chinese,5362
freelance,5363
rath,5364
flu,5365
assassin,5366
electra,5367
messy,5368
costa,5369
attracted,5370
psychiatrist,5371
senor,5372
crowns,5373
alternative,5374
asylum,5375
disks,5376
favour,5377
holly,5378
.maybe,5379
drill,5380
responsible,5381
eliminate,5382
kelly,5383
belinda,5384
landon,5385
sullivan,5386
buzzing,5387
healthy,5388
tab,5389
nuclear,5390
pm,5391
wanta,5392
whorfin,5393
fink,5394
garland,5395
.huh,5396
indians,5397
lipnik,5398
mundt,5399
missin,5400
rookie,5401
catherine,5402
classes,5403
newspapers,5404
beginning,5405
shoulder,5406
recovered,5407
suspects,5408
misses,5409
anderson,5410
saddle,5411
smack,5412
alfred,5413
academy,5414
wayne,5415
pursuit,5416
knox,5417
weigh,5418
convention,5419
scottish,5420
tag,5421
ahm,5422
.oh,5423
turd,5424
photos,5425
detail,5426
franklin,5427
rand,5428
gardiner,5429
requested,5430
malkovich,5431
iguana,5432
lester,5433
lotte,5434
wendy,5435
florist,5436
.she,5437
kin,5438
tenth,5439
lebowski,5440
rug,5441
donny,5442
bowling,5443
threatening,5444
hairs,5445
inspect,5446
toe,5447
jewish,5448
medics,5449
employed,5450
whistler,5451
casualties,5452
edmunds,5453
domini,5454
cotter,5455
witches,5456
mi,5457
.well,5458
meurice,5459
.there,5460
greetings,5461
amateur,5462
grass,5463
mirtha,5464
homo,5465
grams,5466
wealthy,5467
schools,5468
rebecca,5469
pale,5470
primary,5471
rests,5472
gain,5473
carolyn,5474
francesca,5475
spooked,5476
gino,5477
johnnie,5478
cunt,5479
india,5480
bucket,5481
shelly,5482
hits,5483
heels,5484
operations,5485
xxxxxx,5486
interpol,5487
.your,5488
ducts,5489
tuttle,5490
stamped,5491
litter,5492
retrieval,5493
wars,5494
promoted,5495
delivered,5496
lowry,5497
numero,5498
underwear,5499
backup,5500
bobbie,5501
reporter,5502
concentration,5503
whites,5504
undercover,5505
swicker,5506
buffy,5507
wasted,5508
thx,5509
nicole,5510
grip,5511
nuke,5512
stockings,5513
needing,5514
hips,5515
socks,5516
philip,5517
rothstein,5518
columbia,5519
payin,5520
tryin,5521
arrangement,5522
carmine,5523
.all,5524
braces,5525
angelo,5526
nels,5527
rachel,5528
click,5529
ankles,5530
col,5531
dil,5532
persistent,5533
perform,5534
hairdresser,5535
millie,5536
metro,5537
jude,5538
prescription,5539
jody,5540
fergus,5541
fergie,5542
sincerely,5543
suffocating,5544
farce,5545
perfume,5546
cricket,5547
tex,5548
dyle,5549
lampert,5550
stamps,5551
juliet,5552
jus,5553
swiss,5554
voila,5555
auction,5556
avanti,5557
ca,5558
unfair,5559
int,5560
darlene,5561
ext,5562
brynner,5563
.truck,5564
.fine,5565
psycho,5566
.man,5567
.here,5568
rio,5569
arlo,5570
prey,5571
.tunnel,5572
vitelli,5573
.without,5574
permanently,5575
tor,5576
dennis,5577
dam,5578
pappas,5579
iced,5580
assumptions,5581
unharmed,5582
jerome,5583
mulwray,5584
hollis,5585
discussed,5586
gittes,5587
cheating,5588
including,5589
katherine,5590
sessions,5591
ida,5592
references,5593
toto,5594
elena,5595
thatcher,5596
finishing,5597
plant,5598
dante,5599
awww,5600
sang,5601
ulcer,5602
shutters,5603
caitlin,5604
veronica,5605
harris,5606
length,5607
quest,5608
julie,5609
hunhh,5610
handles,5611
vegetable,5612
sylvan,5613
snowballed,5614
tourist,5615
walker,5616
yelling,5617
flare,5618
lyin,5619
cured,5620
vincent,5621
benefits,5622
classical,5623
connecticut,5624
jonas,5625
status,5626
site,5627
valerian,5628
privilege,5629
letty,5630
les,5631
delusions,5632
sami,5633
bastaldi,5634
hector,5635
amp,5636
nap,5637
mu,5638
jade,5639
related,5640
fighter,5641
destiny,5642
faithful,5643
maneuvering,5644
kathryn,5645
lighten,5646
cecile,5647
dumped,5648
entertaining,5649
farren,5650
irena,5651
stands,5652
frida,5653
limb,5654
bra,5655
carlton,5656
script,5657
edge,5658
alan,5659
effective,5660
beads,5661
truman,5662
tyler,5663
ammo,5664
nuwanda,5665
roommate,5666
yawp,5667
grades,5668
nolan,5669
thieves,5670
biederman,5671
minimum,5672
doucet,5673
hostages,5674
willy,5675
jabez,5676
webster,5677
mulvaney,5678
chi,5679
mookie,5680
tina,5681
meda,5682
sez,5683
carpet,5684
drapes,5685
cart,5686
polar,5687
fighters,5688
bela,5689
dolores,5690
boris,5691
shari,5692
ohh,5693
tu,5694
sherry,5695
bracken,5696
lynn,5697
dudley,5698
muscle,5699
shotguns,5700
cap,5701
narcotics,5702
depinto,5703
zavitz,5704
transfer,5705
brill,5706
nsa,5707
sat,5708
stock,5709
blender,5710
lingerie,5711
escalated,5712
crystal,5713
katharine,5714
turns,5715
sew,5716
hana,5717
canadian,5718
barnes,5719
kip,5720
wires,5721
garden,5722
item,5723
billion,5724
pg,5725
shortchanged,5726
embarrassed,5727
han,5728
leia,5729
barks,5730
chewie,5731
psychiatric,5732
plissken,5733
forbidden,5734
merrin,5735
invitation,5736
affraid,5737
karras,5738
dyer,5739
regan,5740
quod,5741
nomen,5742
mihi,5743
era,5744
thee,5745
unto,5746
trunks,5747
magician,5748
mallory,5749
limo,5750
fantasy,5751
barker,5752
clinic,5753
castor,5754
warden,5755
virus,5756
compared,5757
lundegaard,5758
gustafson,5759
marla,5760
studied,5761
defuse,5762
abort,5763
cruz,5764
parry,5765
oww,5766
moses,5767
depressed,5768
attitude,5769
wussup,5770
skinny,5771
fletch,5772
joan,5773
brazil,5774
stanwyk,5775
gummy,5776
combination,5777
deed,5778
frieda,5779
zuzu,5780
vancouver,5781
poughkeepsie,5782
boca,5783
le,5784
daryl,5785
hammock,5786
eater,5787
friggin,5788
megan,5789
whew,5790
rennie,5791
gathered,5792
abandon,5793
inhale,5794
elliot,5795
shirley,5796
eyelash,5797
beynon,5798
exits,5799
ay,5800
kinnear,5801
brumby,5802
sales,5803
graff,5804
listened,5805
contracts,5806
.when,5807
phones,5808
pillow,5809
hanna,5810
boone,5811
clayton,5812
returned,5813
memphis,5814
eleanor,5815
toby,5816
woo,5817
worries,5818
shelby,5819
gt,5820
conditions,5821
salk,5822
timmy,5823
gerry,5824
remarried,5825
wrench,5826
acrost,5827
granma,5828
plants,5829
muley,5830
biscuits,5831
southland,5832
suggestion,5833
diane,5834
snoop,5835
revenge,5836
razor,5837
spook,5838
lantern,5839
bogyman,5840
based,5841
excessive,5842
abuse,5843
orphan,5844
ardelia,5845
nag,5846
wisdom,5847
scoop,5848
laplante,5849
award,5850
rita,5851
bedsoe,5852
nash,5853
stood,5854
conner,5855
gregoire,5856
diplomat,5857
storms,5858
pritchett,5859
blackburn,5860
electricity,5861
aubrey,5862
maura,5863
clues,5864
norville,5865
ol,5866
muncie,5867
worthless,5868
bennie,5869
ti,5870
ottawa,5871
libbets,5872
thea,5873
theodosia,5874
examiner,5875
bailey,5876
ummmmm,5877
lighthouse,5878
cheerios,5879
mmmmmm,5880
dive,5881
loving,5882
tank,5883
masters,5884
helena,5885
coz,5886
hola,5887
lex,5888
cows,5889
eduard,5890
oskar,5891
klute,5892
grunemann,5893
mckenna,5894
trina,5895
leading,5896
holiness,5897
clarice,5898
hut,5899
wampum,5900
sixpack,5901
dejesus,5902
pound,5903
dismissed,5904
charley,5905
eladio,5906
amado,5907
payne,5908
amour,5909
valentin,5910
regrettable,5911
introduction,5912
zoe,5913
kelson,5914
quincy,5915
buzzer,5916
chad,5917
happend,5918
artagnan,5919
sur,5920
aramis,5921
tomb,5922
athos,5923
keeper,5924
atlanta,5925
lecktor,5926
lounds,5927
birmingham,5928
gorsky,5929
informant,5930
cypher,5931
neo,5932
korean,5933
quince,5934
bontecou,5935
dodd,5936
havana,5937
consequence,5938
russians,5939
alonzo,5940
verdado,5941
lira,5942
jeremy,5943
ethan,5944
heis,5945
kittridge,5946
mainframe,5947
cosmo,5948
ronny,5949
hangover,5950
colour,5951
camelot,5952
attend,5953
pony,5954
unwell,5955
balance,5956
maggie,5957
nicholas,5958
vada,5959
quot,5960
seeya,5961
triplette,5962
phillip,5963
crook,5964
nashville,5965
linnea,5966
lobotomy,5967
titty,5968
doris,5969
givin,5970
duff,5971
mill,5972
porch,5973
elders,5974
construct,5975
josie,5976
hidden,5977
delighted,5978
ratched,5979
mcmurphy,5980
cheswick,5981
scanlon,5982
harding,5983
spillane,5984
edie,5985
glades,5986
thigh,5987
ripper,5988
hats,5989
beckett,5990
riddick,5991
hunger,5992
volunteered,5993
magruder,5994
ale,5995
heel,5996
investigate,5997
mayfield,5998
airlift,5999
ploughman,6000
whoooaaah,6001
bodhi,6002
shrimp,6003
expendable,6004
vivian,6005
assets,6006
forgiven,6007
rhymes,6008
fezzik,6009
humperdinck,6010
disappointment,6011
silvery,6012
croon,6013
tune,6014
liebkind,6015
siegfried,6016
wagner,6017
nietzche,6018
graf,6019
spee,6020
gale,6021
winton,6022
hillyer,6023
rogue,6024
rocky,6025
transylvania,6026
apollo,6027
sparrin,6028
valiant,6029
mercutio,6030
ira,6031
dwayne,6032
yu,6033
binoculars,6034
pao,6035
discovered,6036
plaza,6037
shortcut,6038
griffin,6039
shootin,6040
fires,6041
burst,6042
generous,6043
attic,6044
category,6045
henslowe,6046
ethel,6047
wessex,6048
burglary,6049
pancreatic,6050
shampoo,6051
felicia,6052
gunshots,6053
egypt,6054
torrance,6055
lang,6056
cartier,6057
tassel,6058
auggie,6059
tick,6060
tock,6061
oodles,6062
daphne,6063
fiddle,6064
ashore,6065
instruments,6066
osgood,6067
spats,6068
boatwright,6069
montana,6070
cartman,6071
mph,6072
rm,6073
rmph,6074
ze,6075
gwpaapa,6076
terrance,6077
fazeli,6078
sub,6079
spacecraft,6080
causes,6081
defensive,6082
cracking,6083
rico,6084
creator,6085
ger,6086
decker,6087
huskies,6088
paperclip,6089
chairs,6090
hysteria,6091
scooby,6092
.gger,6093
schmuck,6094
lothar,6095
nazeer,6096
gillis,6097
krypton,6098
luthor,6099
conscious,6100
ally,6101
furtwangler,6102
adagio,6103
hinkel,6104
der,6105
null,6106
beige,6107
lacking,6108
nell,6109
lindgren,6110
birdy,6111
rye,6112
frock,6113
fiji,6114
marlon,6115
scully,6116
mulder,6117
kurtzweil,6118
stargher,6119
winkel,6120
calloway,6121
parrot,6122
harbin,6123
martins,6124
roumanian,6125
tragic,6126
leary,6127
enzo,6128
johana,6129
mordechai,6130
leopard,6131
moraes,6132
deborah,6133
finsbury,6134
jeanne,6135
wladek,6136
szpilman,6137
macaulay,6138
wynant,6139
asta,6140
jaeger,6141
luh,6142
sieu,6143
colet,6144
giron,6145
monescu,6146
crimson,6147
brett,6148
denby,6149
mckinney,6150
wyatt,6151
cosmopolitan,6152
woody,6153
flynn,6154
worley,6155
germs,6156
harlin,6157
darrell,6158
beck,6159
keyser,6160
soze,6161
keaton,6162
carlotta,6163
midge,6164
boyd,6165
micheal,6166
goosed,6167
nesting,6168
albania,6169
waxwork,6170
seance,6171
adamant,6172
rowan,6173
willow,6174
madmartigan,6175
amish,6176
tigers,6177
fronkonsteen,6178
fron,6179
kon,6180
steen,6181
pronounced,6182
fro,6183
gor,6184
wockers,6185
